## NeoMutt Contributors
Adam Borowski (@kilobyte) <kilobyte@angband.pl>                            Adam Borowski <kilobyte@angband.pl>
André Berger (@hvkls) <ab@andreberger.eu>                                  André Berger <ab@andreberger.eu>
Antonio Radici (@aradici) <antonio@dyne.org>                               Antonio Radici <antonio@dyne.org>
Antonio Radici (@aradici) <antonio@dyne.org>                               Unknown <antonio@dyne.org>
Bernard Pratz (@guyzmo) <guyzmo+github+pub@m0g.net>                        Bernard 'Guyzmo' Pratz <guyzmo+github+pub@m0g.net>
Bernard Pratz (@guyzmo) <guyzmo+github+pub@m0g.net>                        Bernard Pratz <guyzmo+github+pub@m0g.net>
Bernard Pratz (@guyzmo) <guyzmo+github+pub@m0g.net>                        Guyzmo <guyzmo+github+pub@m0g.net>
Bernard Pratz (@guyzmo) <guyzmo+github+pub@m0g.net>                        guyzmo <guyzmo+github+pub@m0g.net>
Bryan Bennett (@bbenne10) <bbenne10@gmail.com>                             Bryan Bennett <bbenne10@gmail.com>
Chris Czettel (@christopher-john-czettel) <chris@christopher-czettel.net>  Christopher John CZETTEL <chris@christopher-czettel.net>
Christian Dröge (@cdroege) <mail@cdroege.de>                               Christian Dröge <mail@cdroege.de>
Christoph Berg (@myon) <cb@df7cb.de>                                       Christoph Berg <cb@df7cb.de>
Clemens Lang (@neverpanic) <neverpanic@gmail.com>                          Clemens Lang <neverpanic@gmail.com>
Damien Riegel (@d-k-c) <damien.riegel@gmail.com>                           Damien R <d-k-c@users.noreply.github.com>
Damien Riegel (@d-k-c) <damien.riegel@gmail.com>                           Damien Riegel <damien.riegel@gmail.com>
Damien Riegel (@d-k-c) <damien.riegel@gmail.com>                           Damien Riegel <damien.riegel@savoirfairelinux.com>
Damien Riegel (@d-k-c) <damien.riegel@gmail.com>                           Damien Riegel <damien@riegel.io>
Darshit Shah (@darnir) <darnir@gmail.com>                                  Darshit Shah <darnir@gmail.com>
Darshit Shah (@darnir) <darnir@gmail.com>                                  Darshit Shah <darnir@users.noreply.github.com>
David Sterba (@kdave) <dsterba@suse.cz>                                    David Sterba <dsterba@suse.cz>
Doug Stone-Weaver (@doweaver) <doug@stone-weaver.com>                      Doug Stone-Weaver <doug@stone-weaver.com>
Edward Betts (@edwardbetts) <edward@4angle.com>                            Edward Betts <edward@4angle.com>
Elimar Riesebieter (@riesebie) <riesebie@lxtec.de>                         Elimar Riesebieter <riesebie@lxtec.de>
Fabian Groffen (@grobian) <grobian@gentoo.org>                             Fabian Groffen <grobian@gentoo.org>
Fabian Groffen (@grobian) <grobian@gentoo.org>                             Fabian Groffen <grobian@orakel.ods.org>
František Hájik <ferko.hajik@gmail.com>                                    František Hájik <ferko.hajik@gmail.com>
Guillaume Brogi (@guiniol) <gui-gui@netcourrier.com>                       Guillaume Brogi <gui-gui@netcourrier.com>
Guillaume Brogi (@guiniol) <gui-gui@netcourrier.com>                       guiniol <gui-gui@netcourrier.com>
Ian Zimmerman (@nobrowser) <itz@primate.net>                               Ian Zimmerman <itz@primate.net>
Ian Zimmerman (@nobrowser) <itz@primate.net>                               Ian Zimmerman <nobrowser@users.noreply.github.com>
Ismaël Bouya (@immae) <ismael.bouya@normalesup.org>                        Ismaël Bouya <ismael.bouya@normalesup.org>
Ivan Tham (@pickfire) <pickfire@riseup.net>                                Ivan Tham <pickfire@riseup.net>
Jack Stratton (@phroa) <jack@phroa.net>                                    Jack Stratton <jack@phroa.net>
Johannes Weißl (@weisslj) <jargon@molb.org>                                Johannes Weißl <jargon@molb.org>
Joshua Jordi (@JakkinStewart) <dracogoyle@gmail.com>                       Jakkin <dracogoyle@gmail.com>
Joshua Jordi (@JakkinStewart) <dracogoyle@gmail.com>                       Joshua Jordi <JakkinStewart@users.noreply.github.com>
Karel Zak (@karelzak) <kzak@redhat.com>                                    Karel Zak <kzak@redhat.com>
Kevin Decherf (@kdecherf) <kevin@kdecherf.com>                             Kevin Decherf <kevin@kdecherf.com>
Kevin Velghe (@paretje) <kevin@paretje.be>                                 Kevin Velghe <kevin@paretje.be>
Marcin Rajner (@mrajner) <mrajner@gik.pw.edu.pl>                           Marcin Rajner lenovo <mrajner@gik.pw.edu.pl>
Marco Hinz (@mhinz) <mh.codebro@gmail.com>                                 Marco Hinz <mh.codebro@gmail.com>
Mehdi Abaakouk (@sileht) <sileht@sileht.net>                               Mehdi ABAAKOUK <sileht@sileht.net>
Mehdi Abaakouk (@sileht) <sileht@sileht.net>                               Mehdi Abaakouk <sileht@sileht.net>
Pierre-Elliott Bécue (@p-eb) <becue@crans.org>                             Pierre-Elliott Bécue <becue@crans.org>
Pierre-Elliott Bécue (@p-eb) <becue@crans.org>                             Pierre-Elliott Bécue <P-EB@users.noreply.github.com>
Pietro Cerutti (@gahr) <gahr@gahr.ch>                                      Pietro Cerutti <gahr@gahr.ch>
Riad Wahby (@kwantam) <kwantam@gmail.com>                                  Riad S. Wahby <kwantam@gmail.com>
Richard Russon (@flatcap) <rich@flatcap.org>                               Richard Russon <rich@flatcap.org>
Rubén Llorente <rubenllorente@startmail.com>                               Rubén Llorente <rubenllorente@startmail.com>
Santiago Torres (@SantiagoTorres) <torresariass@gmail.com>                 Santiago Torres <torresariass@gmail.com>
Serge Gebhardt (@sgeb) <serge.gebhardt@gmail.com>                          Serge Gebhardt <serge.gebhardt@gmail.com>
Somini (@somini) <somini29@yandex.com>                                     somini <somini29@yandex.com>
Stefan Assmann (@sassmann) <sassmann@kpanic.de>                            Stefan Assmann <sassmann@kpanic.de>
Stefan Assmann (@sassmann) <sassmann@kpanic.de>                            sassmann <sassmann@users.noreply.github.com>
Stephen Gilles <sgilles@math.umd.edu>                                      S. Gilles <sgilles@math.umd.edu>
Steven Ragnarök (@nuclearsandwich) <steven@nuclearsandwich.com>            Steven! Ragnarök <steven@nuclearsandwich.com>
Thomas Adam (@ThomasAdam) <thomas@xteddy.org>                              Thomas Adam <thomas@xteddy.org>
Tobias Angele (@toogley) <toogley@mailbox.org>                             Tobias Angele <toogley@mailbox.org>
Tobias Angele (@toogley) <toogley@mailbox.org>                             toogley <toogley@mailbox.org>
Udo Schweigert <mutt@cert.siemens.de>                                      Udo Schweigert <mutt@cert.siemens.de>
Wieland Hoffmann (@mineo) <themineo@gmail.com>                             Wieland Hoffmann <mineo@users.noreply.github.com>
Wieland Hoffmann (@mineo) <themineo@gmail.com>                             Wieland Hoffmann <themineo@gmail.com>
William Pettersson (@wpettersson) <william.pettersson+github@gmail.com>    William Pettersson <william.pettersson+github@gmail.com>
Yoshiki Vázquez Baeza (@ElDeveloper) <yoshiki89@gmail.com>                 Yoshiki Vázquez Baeza <yoshiki89@gmail.com>

## Mutt Contributors
UPSTREAM Aaron Lehmann <aaronl@vitelus.com>                              Aaron Lehmann <aaronl@vitelus.com>
UPSTREAM Aaron Schrab <aaron@schrab.com>                                 Aaron Schrab <aaron+mutt@schrab.com>
UPSTREAM Aaron Schrab <aaron@schrab.com>                                 Aaron Schrab <aaron@schrab.com>
UPSTREAM Adeodato Simó <asp16@alu.ua.es>                                 Adeodato Simó <asp16@alu.ua.es>
UPSTREAM Adeodato Simó <asp16@alu.ua.es>                                 Adeodato Simó <dato@net.com.org.es>
UPSTREAM Alain Bench <veronatif@free.fr>                                 Alain Bench <messtic@oreka.com>
UPSTREAM Alain Bench <veronatif@free.fr>                                 Alain Bench <veronatif@free.fr>
UPSTREAM Alain Penders <alain@finale-dev.com>                            Alain Penders <alain@finale-dev.com>
UPSTREAM Alexey Froloff <raorn@altlinux.org>                             Alexey I. Froloff <raorn@altlinux.org>
UPSTREAM Alexey Tourbin <at@altlinux.org>                                Alexey Tourbin <at@altlinux.org>
UPSTREAM Ambrose Li <a.c.li@ieee.org>                                    Ambrose Li <a.c.li@ieee.org>
UPSTREAM Anatoly Vorobey <mellon@pobox.com>                              Anatoly Vorobey <mellon@pobox.com>
UPSTREAM Anders Helmersson <anders.helmersson.utsikt@wasadata.net>       Anders Helmersson <anders.helmersson.utsikt@wasadata.net>
UPSTREAM Anders Helmersson <anders.helmersson.utsikt@wasadata.net>       Anders Helmersson <anders.helmersson@telia.com>
UPSTREAM Andreas Amann <andreas.amann@tyndall.ie>                        Unknown <andreas.amann@tyndall.ie>
UPSTREAM Andreas Jaggi <unknown>                                         Andreas Jaggi <unknown>
UPSTREAM Andreas Jobs <unknown>                                          Andreas Jobs <unknown>
UPSTREAM Andrew Gaul <andrew@gaul.org>                                   Andrew Gaul <andrew@gaul.org>
UPSTREAM Andrew Nosenko <awn@bcs.zp.ua>                                  Andrew W. Nosenko <awn@bcs.zp.ua>
UPSTREAM Antoine Reilles <tonio@netbsd.org>                              Antoine Reilles <tonio@netbsd.org>
UPSTREAM Anton Lindqvist <anton.lindqvist@gmail.com>                     Anton Lindqvist <anton.lindqvist@gmail.com>
UPSTREAM Armin Wolfermann <aw@osn.de>                                    Armin Wolfermann <aw@osn.de>
UPSTREAM Aron Griffis <agriffis@n01se.net>                               Aron Griffis <agriffis@n01se.net>
UPSTREAM Athanasios Douitsis <aduitsis@gmail.com>                        Athanasios Douitsis <aduitsis@gmail.com>
UPSTREAM Benno Schulenberg <i18n@benno.vertaalt.nl>                      Benno Schulenberg <i18n@benno.vertaalt.nl>
UPSTREAM Bernd Ahlers <bernd@ba-net.org>                                 Bernd Ahlers <bernd@ba-net.org>
UPSTREAM Bertram Felgenhauer <int-e@gmx.de>                              Bertram Felgenhauer <int-e@gmx.de>
UPSTREAM Bertrand Janin <tamentis@neopulsar.org>                         Bertrand Janin <tamentis@neopulsar.org>
UPSTREAM Bill Nottingham <notting@redhat.com>                            Bill Nottingham <notting@redhat.com>
UPSTREAM Bjoern Jacke <bjoern@j3e.de>                                    Bjoern Jacke <bjoern@j3e.de>
UPSTREAM Bjoern Jacke <bjoern@j3e.de>                                    Bjoern Jacke <muttbug@j3e.de>
UPSTREAM Brendan Cully <brendan@kublai.com>                              Brendan Cully <brendan@kublai.com>
UPSTREAM Brent Nordquist <brent@nordist.net>                             Brent J. Nordquist <brent@nordist.net>
UPSTREAM Bruno Postle <bruno@postle.net>                                 Bruno Postle <bruno@postle.net>
UPSTREAM Byrial Jensen <byrial@image.dk>                                 Byrial Jensen <byrial@image.dk>
UPSTREAM Cameron Patrick <cameron@patrick.wattle.id.au>                  Cameron Patrick <cameron@patrick.wattle.id.au>
UPSTREAM Cedric Duval <cedricduval@free.fr>                              Cedric Duval <cedricduval+web@free.fr>
UPSTREAM Cedric Duval <cedricduval@free.fr>                              Cedric Duval <cedricduval@free.fr>
UPSTREAM Christian Aichinger <greek0@gmx.net>                            Christian Aichinger <greek0@gmx.net>
UPSTREAM Christian Ebert <blacktrash@gmx.net>                            Christian Ebert <blacktrash@gmx.net>
UPSTREAM Christian Vogel <vogelchr@vogel.cx>                             Christian Vogel <vogelchr@vogel.cx>
UPSTREAM Christoph Ludwig <cludwig@cdc.informatik.tu-darmstadt.de>       Christoph Ludwig <cludwig@cdc.informatik.tu-darmstadt.de>
UPSTREAM convert-repo <unknown>                                          convert-repo <unknown>
UPSTREAM Dale Woolridge <dale-list-mutt-dev-2@woolridge.org>             Dale Woolridge <dale-flea-mutt-bug@woolridge.org>
UPSTREAM Dale Woolridge <dale-list-mutt-dev-2@woolridge.org>             Dale Woolridge <dale-list-mutt-dev-2@woolridge.org>
UPSTREAM Dan Born <dan@danborn.net>                                      Dan Born <dan@danborn.net>
UPSTREAM Dan Fandrich <dan@coneharvesters.com>                           Dan Fandrich <dan@coneharvesters.com>
UPSTREAM Dan Hopper <ku4nf@austin.rr.com>                                Dan Hopper <ku4nf@austin.rr.com>
UPSTREAM Dan Loewenherz <daniel.loewenherz@yale.edu>                     Dan Loewenherz <daniel.loewenherz@yale.edu>
UPSTREAM Dan Nelson <dnelson@allantgroup.com>                            Dan Nelson <dnelson@allantgroup.com>
UPSTREAM Dan Ohnesorg <dan@ohnesorg.cz>                                  Dan Ohnesorg <dan@ohnesorg.cz>
UPSTREAM Daniel Burrows <dburrows@debian.org>                            Daniel Burrows <dburrows@debian.org>
UPSTREAM Daniel Jacobowitz <dan@debian.org>                              Daniel Jacobowitz <dan@debian.org>
UPSTREAM David Champion <dgc@bikeshed.us>                                David Champion <dgc@bikeshed.us>
UPSTREAM David Champion <dgc@bikeshed.us>                                David Champion <dgc@uchicago.edu>
UPSTREAM David Jardine <david@jardine.de>                                David Jardine <david@jardine.de>
UPSTREAM David Shaw <dshaw@jabberwocky.com>                              David Shaw <dshaw@jabberwocky.com>
UPSTREAM David Wilson <dw@botanicus.net>                                 David Wilson <dw@botanicus.net>
UPSTREAM David Yitzchak Cohen <lists+mutt_devs@bigfatdave.com>           David Yitzchak Cohen <lists+mutt_bugs@bigfatdave.com>
UPSTREAM David Yitzchak Cohen <lists+mutt_devs@bigfatdave.com>           David Yitzchak Cohen <lists+mutt_devs@bigfatdave.com>
UPSTREAM Deng Xiyue <manphiz@gmail.com>                                  Deng Xiyue <manphiz@gmail.com>
UPSTREAM Derek Martin <code@pizzashack.org>                              Derek Martin <code@pizzashack.org>
UPSTREAM Derek Martin <code@pizzashack.org>                              Derek Martin <invalid@pizzashack.org>
UPSTREAM Derek Schrock <dereks@lifeofadishwasher.com>                    Derek Schrock <dereks@lifeofadishwasher.com>
UPSTREAM Dmitri Vereshchagin <dmitri.vereshchagin@gmail.com>             Dmitri Vereshchagin <dmitri.vereshchagin@gmail.com>
UPSTREAM Edmund Grimley Evans <edmundo@rano.org>                         Edmund GRIMLEY EVANS <edmund820@rano.org>
UPSTREAM Edmund Grimley Evans <edmundo@rano.org>                         Edmund GRIMLEY EVANS <edmundo@rano.org>
UPSTREAM Eike Rathke <erack@erack.de>                                    Eike Rathke <erack@erack.de>
UPSTREAM Elmar Hoffmann <mutt-dev-ml@elho.net>                           Elmar Hoffmann <mutt-dev-ml@elho.net>
UPSTREAM Emanuele Giaquinta <e.giaquinta@glauco.it>                      Emanuele Giaquinta <e.giaquinta@glauco.it>
UPSTREAM Emanuele Giaquinta <e.giaquinta@glauco.it>                      Emanuele Giaquinta <unknown>
UPSTREAM Eric Raymond <esr@thyrsus.com>                                  Unknown <esr@thyrsus.com>
UPSTREAM Erik Hovland <erik@hovland.org>                                 Erik Hovland <erik@hovland.org>
UPSTREAM Fahri Cihan Demirci <fcdemirci@fastmail.fm>                     Fahri Cihan Demirci <fcdemirci@fastmail.fm>
UPSTREAM Florian Weimer <fw@deneb.enyo.de>                               Florian Weimer <fw@deneb.enyo.de>
UPSTREAM Gary Johnson <garyjohn@spk.agilent.com>                         Gary Johnson <garyjohn@spk.agilent.com>
UPSTREAM Gary Johnson <garyjohn@spk.agilent.com>                         Gary Johnson <unknown>
UPSTREAM Gero Treuner <gerotick@faveve.uni-stuttgart.de>                 Gero Treuner <gerotick@faveve.uni-stuttgart.de>
UPSTREAM Gregory Shapiro <dev.mutt.org@g.gshapiro.net>                   Gregory Shapiro <dev.mutt.org@g.gshapiro.net>
UPSTREAM Guilhem Moulin <guilhem@guilhem.org>                            Guilhem Moulin <guilhem@guilhem.org>
UPSTREAM guns <self@sungpae.com>                                         guns <self@sungpae.com>
UPSTREAM H.N.Caldwell <unknown>                                          hncaldwell <unknown>
UPSTREAM Holger Weiss <lists@jhweiss.de>                                 Holger Weiss <holger@zedat.fu-berlin.de>
UPSTREAM Holger Weiss <lists@jhweiss.de>                                 Holger Weiss <lists@jhweiss.de>
UPSTREAM Honza Horak <hhorak@redhat.com>                                 Honza Horak <hhorak@redhat.com>
UPSTREAM Honza Horak <hhorak@redhat.com>                                 Unknown <hhorak@redhat.com>
UPSTREAM Horst Schirmeier <horst@schirmeier.com>                         Horst Schirmeier <horst@schirmeier.com>
UPSTREAM Horvath Szabolcs <horvaths@fi.inf.elte.hu>                      Horvath Szabolcs <horvaths@fi.inf.elte.hu>
UPSTREAM Hugo Haas <hugo@larve.net>                                      Hugo Haas <hugo@larve.net>
UPSTREAM Im Eunjea <eunjea@koru.org>                                     Im Eunjea <eunjea@koru.org>
UPSTREAM Ivan Vilata i Balaguer <ivan@selidor.net>                       Ivan Vilata i Balaguer <ivan@selidor.net>
UPSTREAM James McCoy <jamessan@jamessan.com>                             James McCoy <jamessan@jamessan.com>
UPSTREAM Jeff Ito <jeffi@rcn.com>                                        Jeff Ito <jeffi@rcn.com>
UPSTREAM Jesus Climent <jesus.climent@hispalinux.es>                     Jesus Climent <jesus.climent@hispalinux.es>
UPSTREAM Jesus Climent <jesus.climent@hispalinux.es>                     Unknown <jesus.climent@hispalinux.es>
UPSTREAM Jim Mock <mij@soupnazi.org>                                     Jim Mock <mij@soupnazi.org>
UPSTREAM Joel Dahl <joel@freebsd.org>                                    Joel Dahl <joel@freebsd.org>
UPSTREAM Johan D <djo33@free.fr>                                         Johan D <djo33@free.fr>
UPSTREAM Johan Svedberg <johan@svedberg.com>                             Johan Svedberg <johan@svedberg.com>
UPSTREAM Johan Svedberg <johan@svedberg.com>                             Johan Svedberg <johan@svedberg.pp.se>
UPSTREAM John Beck <john.beck@oracle.com>                                Unknown <john.beck@oracle.com>
UPSTREAM John Hawkinson <jhawk@mit.edu>                                  John Hawkinson <jhawk@mit.edu>
UPSTREAM John Swinbank <john@swinbank.org>                               John Swinbank <john@swinbank.org>
UPSTREAM Jon Miles <jon@zetnet.net>                                      Jon Miles <jon@zetnet.net>
UPSTREAM Jonathan Wakely <bugs@kayari.org>                               Jonathan Wakely <bugs@kayari.org>
UPSTREAM Joël Riou <joel.riou@normalesup.org>                            Joël Riou <joel.riou@normalesup.org>
UPSTREAM Juan Altmayer Pizzorno <juan@altmayer.com>                      Juan Altmayer Pizzorno <juan@altmayer.com>
UPSTREAM Jukka Salmi <jukka@salmi.ch>                                    Jukka Salmi <j+mutt@2007.salmi.ch>
UPSTREAM Jukka Salmi <jukka@salmi.ch>                                    Jukka Salmi <jukka@salmi.ch>
UPSTREAM Julien Cristau <unknown>                                        Julien Cristau <unknown>
UPSTREAM Julius Plenz <plenz@cis.fu-berlin.de>                           Julius Plenz <plenz@cis.fu-berlin.de>
UPSTREAM Jörgen Tegnér <jorgen.tegner@telia.com>                         Jörgen Tegnér <jorgen.tegner@telia.com>
UPSTREAM Kees Cook <kees@outflux.net>                                    Kees Cook <kees@outflux.net>
UPSTREAM Kees Cook <kees@outflux.net>                                    Unknown <kees@outflux.net>
UPSTREAM Kevin McCarthy <kevin@8t8.us>                                   Kevin McCarthy <kevin@8t8.us>
UPSTREAM Kevin Scannell <kscanne@gmail.com>                              Kevin Scannell <kscanne@gmail.com>
UPSTREAM Kevin Scannell <kscanne@gmail.com>                              Kevin Scannell <scannell@slu.edu>
UPSTREAM Kimihiro Nonaka <nonakap@gmail.com>                             NONAKA Kimihiro <nonakap@gmail.com>
UPSTREAM Kyle Wheeler <kyle@memoryhole.net>                              Kyle Wheeler <kyle-mutt-dev@memoryhole.net>
UPSTREAM Kyle Wheeler <kyle@memoryhole.net>                              Kyle Wheeler <kyle@memoryhole.net>
UPSTREAM Kyle Wheeler <kyle@memoryhole.net>                              Kyle Wheeler <unknown>
UPSTREAM Lars Hecking <lhecking@nmrc.ucc.ie>                             Lars Hecking <lhecking@nmrc.ie>
UPSTREAM Lars Hecking <lhecking@nmrc.ucc.ie>                             Lars Hecking <lhecking@nmrc.ucc.ie>
UPSTREAM Lars Hecking <lhecking@nmrc.ucc.ie>                             Lars Hecking <lhecking@users.sourceforge.net>
UPSTREAM Luke Mewburn <luke@mewburn.net>                                 Luke Mewburn <luke@mewburn.net>
UPSTREAM Mads Martin Joergensen <mmj@suse.de>                            Mads Martin Joergensen <mmj@suse.de>
UPSTREAM Malcolm Parsons <malcolm.parsons@gmail.com>                     Malcolm Parsons <malcolm.parsons@gmail.com>
UPSTREAM Mantas Mikulėnas <grawity@gmail.com>                            Mantas Mikulėnas <grawity@gmail.com>
UPSTREAM Marcel Telka <marcel@telka.sk>                                  Marcel Telka <marcel@telka.sk>
UPSTREAM Marcel Telka <marcel@telka.sk>                                  Unknown <marcel@telka.sk>
UPSTREAM Marco d'Itri <md@linux.it>                                      Marco d'Itri <md@linux.it>
UPSTREAM Marco Paolone <marcopaolone@gmail.com>                          Marco Paolone <marcopaolone@gmail.com>
UPSTREAM Martin Michlmayr <tbm@cyrius.com>                               Martin Michlmayr <tbm@cyrius.com>
UPSTREAM Martin Sandsmark <martin@sandsmark.ninja>                       Martin Sandsmark <martin@sandsmark.ninja>
UPSTREAM Martin Siegert <siegert@sfu.ca>                                 Martin Siegert <siegert@sfu.ca>
UPSTREAM Masayuki Moriyama <unknown>                                     Masayuki Moriyama <unknown>
UPSTREAM Matt Kraai <kraai@ftbfs.org>                                    Matt Kraai <kraai@ftbfs.org>
UPSTREAM Matthias Andree <matthias.andree@gmx.de>                        Matthias Andree <matthias.andree@gmx.de>
UPSTREAM Michael Elkins <me@mutt.org>                                    Michael Elkins <me@mutt.org>
UPSTREAM Michael Elkins <me@mutt.org>                                    Michael Elkins <me@sigpipe.org>
UPSTREAM Michael Elkins <me@mutt.org>                                    Unknown <me@sigpipe.org>
UPSTREAM Michael Tatge <michael.tatge@web.de>                            Michael Tatge <michael.tatge@web.de>
UPSTREAM Michael Vrable <mvrable@cs.ucsd.edu>                            Michael Vrable <mvrable@cs.ucsd.edu>
UPSTREAM Michał Kępień <mutt@kempniu.pl>                                 Michał Kępień <mutt@kempniu.pl>
UPSTREAM Mike Frysinger <vapier@gentoo.org>                              Mike Frysinger <vapier@gentoo.org>
UPSTREAM Mike Hallock <mhallock@scs.uiuc.edu>                            Mike Hallock <mhallock@scs.uiuc.edu>
UPSTREAM Mike Schiraldi <1074468571@schiraldi.org>                       Mike Schiraldi <1074468571@schiraldi.org>
UPSTREAM Miroslav Lichvar <mlichvar@redhat.com>                          Miroslav Lichvar <mlichvar@redhat.com>
UPSTREAM Moritz Schulte <moritz@g10code.com>                             Moritz Schulte <Moritz.Schulte@ruhr-uni-bochum.de>
UPSTREAM Moritz Schulte <moritz@g10code.com>                             Moritz Schulte <moritz@g10code.com>
UPSTREAM Moritz Schulte <moritz@g10code.com>                             Unknown <Moritz.Schulte@ruhr-uni-bochum.de>
UPSTREAM Morten Bo Johansen <mbj@spamcop.net>                            Morten Bo Johansen <mbj@spamcop.net>
UPSTREAM Morten Bo Johansen <mbj@spamcop.net>                            Morten Bo Johansen <mjb@spamcop.net>
UPSTREAM Morten Bo Johansen <mbj@spamcop.net>                            Morten Bo Johansen <mojo@mbjnet.dk>
UPSTREAM Morten Bo Johansen <mbj@spamcop.net>                            Morten Bo Johansen <morten.bo.johansen@gmail.com>
UPSTREAM N.J. Mann <njm@njm.f2s.com>                                     N.J. Mann <njm@njm.f2s.com>
UPSTREAM Nathan Dushman <nhd+mutt@andrew.cmu.edu>                        Nathan Dushman <nhd+mutt@andrew.cmu.edu>
UPSTREAM Neil Brown <neilb@cse.unsw.edu.au>                              Neil Brown <neilb@cse.unsw.edu.au>
UPSTREAM Nicolas Rachinsky <nr@rachinsky.de>                             Nicolas Rachinsky <nicolas@dauerreden.de>
UPSTREAM Nicolas Rachinsky <nr@rachinsky.de>                             Nicolas Rachinsky <nr@rachinsky.de>
UPSTREAM Nik Melchior <nam1@cec.wustl.edu>                               Nik A. Melchior <nam1@cec.wustl.edu>
UPSTREAM Olaf Hering <olaf@aepfle.de>                                    Olaf Hering <olaf@aepfle.de>
UPSTREAM Ondřej Bílka <neleai@seznam.cz>                                 Ondřej Bílka <neleai@seznam.cz>
UPSTREAM Oota Toshiya <oota@mspd.mt.nec.co.jp>                           oota toshiya <oota@mspd.mt.nec.co.jp>
UPSTREAM Oswald Buddenhagen <ossi@kde.org>                               Oswald Buddenhagen <ossi@kde.org>
UPSTREAM Patrick Welche <prlw1@cam.ac.uk>                                Patrick Welche <prlw1@cam.ac.uk>
UPSTREAM Patrick Welche <prlw1@cam.ac.uk>                                Patrick Welche <prlw1@newn.cam.ac.uk>
UPSTREAM Paul Eggert <eggert@cs.ucla.edu>                                Paul Eggert <eggert@cs.ucla.edu>
UPSTREAM Paul Walker <paul@black-sun.demon.co.uk>                        Paul WALKER <paul.walker@st.com>
UPSTREAM Paul Walker <paul@black-sun.demon.co.uk>                        Paul Walker <paul@black-sun.demon.co.uk>
UPSTREAM Pawel Dziekonski <dzieko@pwr.wroc.pl>                           Pawel Dziekonski <dzieko@pwr.wroc.pl>
UPSTREAM Pawel Dziekonski <dzieko@pwr.wroc.pl>                           Pawel Dziekonski <pawel.dziekonski@pwr.wroc.pl>
UPSTREAM Peter Collingbourne <peter@pcc.me.uk>                           Peter Collingbourne <peter@pcc.me.uk>
UPSTREAM Peter Rosin <peda@lysator.liu.se>                               Peter Rosin <peda@lysator.liu.se>
UPSTREAM Peter Wu <peter@lekensteyn.nl>                                  Peter Wu <peter@lekensteyn.nl>
UPSTREAM Petr Písař <petr.pisar@atlas.cz>                                Petr Pisar <petr.pisar@atlas.cz>
UPSTREAM Petr Písař <petr.pisar@atlas.cz>                                Petr Písař <petr.pisar@atlas.cz>
UPSTREAM Petr Písař <petr.pisar@atlas.cz>                                Petr P√≠sa≈ô <petr.pisar@atlas.cz>
UPSTREAM Phil Pennock <mutt-dev@spodhuis.demon.nl>                       Phil Pennock <mutt-dev@spodhuis.demon.nl>
UPSTREAM Piarres Beobide Egaña <pi@beobide.net>                          pi <pi@beobide.net>
UPSTREAM Piarres Beobide Egaña <pi@beobide.net>                          Piarres Beobide Egaña <pi@beobide.net>
UPSTREAM Rado Smiljanic <regrado@web.de>                                 Rado S <regrado@web.de>
UPSTREAM Rado Smiljanic <regrado@web.de>                                 Rado Smiljanic <regrado@web.de>
UPSTREAM Ralf Wildenhues <wildenhues@ins.uni-bonn.de>                    Ralf Wildenhues <wildenhues@ins.uni-bonn.de>
UPSTREAM Recai Oktas <roktas@omu.edu.tr>                                 Recai Oktas <roktas@omu.edu.tr>
UPSTREAM René Clerc <rene@clerc.nl>                                      René Clerc <rene@clerc.nl>
UPSTREAM René Clerc <rene@clerc.nl>                                      Ren√© Clerc <rene@clerc.nl>
UPSTREAM Rich Burridge <rich.burridge@oracle.com>                        Unknown <rich.burridge@oracle.com>
UPSTREAM Robert Schiele <robert.schiele@t-online.de>                     Robert Schiele <robert.schiele@t-online.de>
UPSTREAM Rocco Rutte <pdmef@gmx.net>                                     Rocco Rutte <pdmef@gmx.net>
UPSTREAM Rocco Rutte <pdmef@gmx.net>                                     Rocco Rutte <s1118644@mail.inf.tu-dresden.de>
UPSTREAM Roland Rosenfeld <roland@spinnaker.de>                          Roland Rosenfeld <roland@spinnaker.de>
UPSTREAM Roman Kagan <rkagan@mail.ru>                                    Roman Kagan <rkagan@mail.ru>
UPSTREAM Roman Kraevskiy <rkraevskiy@gmail.com>                          Roman Kraevskiy <rkraevskiy@gmail.com>
UPSTREAM Ronny Haryanto <ronny@haryan.to>                                Ronny Haryanto <ronny@haryan.to>
UPSTREAM Ronny Haryanto <ronny@haryan.to>                                Ronny Haryanto <ronnylist@haryan.to>
UPSTREAM Rudi Chiarito <nutello@sweetness.com>                           Rudi Chiarito <nutello@sweetness.com>
UPSTREAM Rudy Taraschi <rudy@cae.com>                                    Rudy Taraschi <rudy@cae.com>
UPSTREAM Rupert Levene <rupert@levene.dyndns.org>                        Rupert Levene <rupert@levene.dyndns.org>
UPSTREAM Sahil Tandon <sahil@brandeis.edu>                               Sahil Tandon <sahil@brandeis.edu>
UPSTREAM Sami Farin <hvtaifwkbgefbaei@gmail.com>                         Sami Farin <hvtaifwkbgefbaei@gmail.com>
UPSTREAM Sami Farin <hvtaifwkbgefbaei@gmail.com>                         Sami Farin <safari-mutt@safari.iki.fi>
UPSTREAM Samuel Tardieu <sam@rfc1149.net>                                Samuel Tardieu <sam@rfc1149.net>
UPSTREAM Scott Koranda <skoranda@gravity.phys.uwm.edu>                   Scott Koranda <skoranda@gravity.phys.uwm.edu>
UPSTREAM Sertaç Ö. Yıldız <unknown>                                      Sertaç Ö. Yıldız <unknown>
UPSTREAM Seth Arnold <seth.arnold@suse.de>                               Seth Arnold <seth.arnold@suse.de>
UPSTREAM Seth Forshee <seth@forshee.me>                                  Seth Forshee <seth@forshee.me>
UPSTREAM Simon Ruderich <simon@ruderich.org>                             Simon Ruderich <simon@ruderich.org>
UPSTREAM Stefan Kuhn <wuodan@hispeed.ch>                                 Stefan Kuhn <wuodan@hispeed.ch>
UPSTREAM Steve Kemp <skx@debian.org>                                     Steve Kemp <skx@debian.org>
UPSTREAM Steve Kennedy <steve-md@gbnet.net>                              Steve Kennedy <steve-md@gbnet.net>
UPSTREAM Sébastien Hinderer <Sebastien.Hinderer@libertysurf.fr>          Sébastien Hinderer <Sebastien.Hinderer@ens-lyon.org>
UPSTREAM Sébastien Hinderer <Sebastien.Hinderer@libertysurf.fr>          Sébastien Hinderer <Sebastien.Hinderer@libertysurf.fr>
UPSTREAM Takashi Takizawa <taki@luna.email.ne.jp>                        Takashi TAKIZAWA <taki@cyber.email.ne.jp>
UPSTREAM Takashi Takizawa <taki@luna.email.ne.jp>                        TAKIZAWA Takashi <taki@luna.email.ne.jp>
UPSTREAM Tamotsu Takahashi <ttakah@lapis.plala.or.jp>                    TAKAHASHI Tamotsu <arms405@jade.dti.ne.jp>
UPSTREAM Tamotsu Takahashi <ttakah@lapis.plala.or.jp>                    TAKAHASHI Tamotsu <tamo@momonga-linux.org>
UPSTREAM Tamotsu Takahashi <ttakah@lapis.plala.or.jp>                    TAKAHASHI Tamotsu <ttakah@lapis.plala.or.jp>
UPSTREAM Tamotsu Takahashi <ttakah@lapis.plala.or.jp>                    Takahashi Tamotsu <ttakah@lapis.plala.or.jp>
UPSTREAM Tamotsu Takahashi <ttakah@lapis.plala.or.jp>                    Tamotsu TAKAHASHI <ttakah@lapis.plala.or.jp>
UPSTREAM ta_panta_rei <7vvtch802@sneakemail.com>                         ta_panta_rei <7vvtch802@sneakemail.com>
UPSTREAM Thomas Glanzmann <sithglan@stud.uni-erlangen.de>                Thomas Glanzmann <sithglan@stud.uni-erlangen.de>
UPSTREAM Thomas Roessler <roessler@does-not-exist.org>                   Thomas Roessler <roessler@does-not-exist.org>
UPSTREAM Thomas Wiegner <wiegner@gmx.de>                                 Thomas Wiegner <wiegner@gmx.de>
UPSTREAM Tim Stoakes <tim@stoakes.net>                                   Tim Stoakes <tim@stoakes.net>
UPSTREAM Todd Zullinger <tmz@pobox.com>                                  Todd Zullinger <tmz@pobox.com>
UPSTREAM Tomas Hoger <thoger@redhat.com>                                 Tomas Hoger <thoger@redhat.com>
UPSTREAM Tommi Komulainen <tommi.komulainen@iki.fi>                      Tommi Komulainen <tommi.komulainen@iki.fi>
UPSTREAM Tomokazu Yonetani <qhwt+mutt@les.ath.cx>                        YONETANI Tomokazu <qhwt+mutt@les.ath.cx>
UPSTREAM Tony Leneis <tony@cvr.ds.adp.com>                               Tony Leneis <tony@cvr.ds.adp.com>
UPSTREAM Toomas Soome <Toomas.Soome@microlink.ee>                        Toomas Soome <Toomas.Soome@microlink.ee>
UPSTREAM Toomas Soome <Toomas.Soome@microlink.ee>                        Toomas Soome <tsoome@muhv.pri.ee>
UPSTREAM Unknown <bat.guano@don.blech.e4ward.com>                        Unknown <bat.guano@don.blech.e4ward.com>
UPSTREAM Unknown <ckillian@cs.ucsd.edu>                                  Unknown <ckillian@cs.ucsd.edu>
UPSTREAM Unknown <cypher@conuropsis.org>                                 Unknown <cypher@conuropsis.org>
UPSTREAM Unknown <duvall@emufarm.org>                                    Unknown <duvall@emufarm.org>
UPSTREAM Unknown <exg@gentoo.org>                                        Unknown <exg@gentoo.org>
UPSTREAM Unknown <g1pi@libero.it>                                        Unknown <g1pi@libero.it>
UPSTREAM Unknown <is@netbsd.org>                                         Unknown <is@netbsd.org>
UPSTREAM Unknown <ludwig@fh-worms.de>                                    Unknown <ludwig@fh-worms.de>
UPSTREAM Unknown <nihilhill@gmail.com>                                   Unknown <nihilhill@gmail.com>
UPSTREAM Unknown <peb@mppmu.mpg.de>                                      Unknown <peb@mppmu.mpg.de>
UPSTREAM Unknown <ph04169@cc.uoi.gr>                                     Unknown <ph04169@cc.uoi.gr>
UPSTREAM Unknown <pywatson@gmail.com>                                    Unknown <pywatson@gmail.com>
UPSTREAM Unknown <rea-mutt@codelabs.ru>                                  Unknown <rea-mutt@codelabs.ru>
UPSTREAM Unknown <rtc@gmx.de>                                            Unknown <rtc@gmx.de>
UPSTREAM Unknown <Zardoz@users.sourceforge.net>                          Unknown <Zardoz@users.sourceforge.net>
UPSTREAM Urs Janßen <urs@tin.org>                                        Urs Janßen <urs@tin.org>
UPSTREAM Velko Hristov <hristov@informatik.hu-berlin.de>                 Velko Hristov <hristov@informatik.hu-berlin.de>
UPSTREAM Vincent Lefevre <vincent@vinc17.org>                            Vincent Lefevre <vincent@vinc17.net>
UPSTREAM Vincent Lefevre <vincent@vinc17.org>                            Vincent Lefevre <vincent@vinc17.org>
UPSTREAM Vladimir Marek <vladimir.marek@sun.com>                         Vladimir Marek <vladimir.marek@sun.com>
UPSTREAM Vsevolod Volkov <vvv@mutt.org.ua>                               Vsevolod Volkov <vvv@mutt.org.ua>
UPSTREAM Werner Koch <wk@gnupg.org>                                      Werner Koch <wk@gnupg.org>
UPSTREAM Wilfried Goesgens <dothebart@uncensored.citadel.org>            Wilfried Goesgens <dothebart@uncensored.citadel.org>
UPSTREAM Will Fiveash <will.fiveash@oracle.com>                          Will Fiveash <will.fiveash@oracle.com>
UPSTREAM Will Fiveash <will.fiveash@oracle.com>                          Will Fiveash <Will.Fiveash@Sun.COM>
UPSTREAM Will Fiveash <will.fiveash@oracle.com>                          Will Fiveash <william.fiveash@sun.com>
UPSTREAM Wouter Verheijen <wv@xs2mail.com>                               Wouter Verheijen <wv@xs2mail.com>
UPSTREAM Yasuhiro Matsumoto <mattn_jp@hotmail.com>                       Yasuhiro Matsumoto <mattn_jp@hotmail.com>

